Run #,Start Time,End Time,Total Rows,Table 1 Rows,Table 2 Rows,Table 3 Rows,Table 4 Rows,Table 5 Rows,Table 6 Rows,Table 7 Rows,Table 8 Rows,Table 9 Rows,Table 10 Rows,Table 11 Rows,Table 12 Rows,Table 13 Rows,Table 14 Rows,Table 15 Rows,Table 16 Rows,Table 17 Rows,Table 18 Rows,Table 19 Rows,Table 20 Rows,Table 21 Rows,Table 22 Rows,Table 23 Rows,Table 24 Rows,Table 25 Rows
1,2024-12-26 13:21:32,2024-12-26 13:21:33,25,1,1,1,1,1,1,1,1,1,1,1,1,1,1,1,1,1,1,1,1,1,1,1,1,1
2,2024-12-26 13:21:33,2024-12-26 13:21:33,25,1,1,1,1,1,1,1,1,1,1,1,1,1,1,1,1,1,1,1,1,1,1,1,1,1
3,2024-12-26 13:21:33,2024-12-26 13:21:33,25,1,1,1,1,1,1,1,1,1,1,1,1,1,1,1,1,1,1,1,1,1,1,1,1,1
4,2024-12-26 13:21:33,2024-12-26 13:21:33,25,1,1,1,1,1,1,1,1,1,1,1,1,1,1,1,1,1,1,1,1,1,1,1,1,1
5,2024-12-26 13:21:33,2024-12-26 13:21:33,25,1,1,1,1,1,1,1,1,1,1,1,1,1,1,1,1,1,1,1,1,1,1,1,1,1
6,2024-12-26 13:21:33,2024-12-26 13:21:34,25,1,1,1,1,1,1,1,1,1,1,1,1,1,1,1,1,1,1,1,1,1,1,1,1,1
7,2024-12-26 13:21:34,2024-12-26 13:21:34,25,1,1,1,1,1,1,1,1,1,1,1,1,1,1,1,1,1,1,1,1,1,1,1,1,1
8,2024-12-26 13:21:34,2024-12-26 13:21:34,25,1,1,1,1,1,1,1,1,1,1,1,1,1,1,1,1,1,1,1,1,1,1,1,1,1
9,2024-12-26 13:21:34,2024-12-26 13:21:34,25,1,1,1,1,1,1,1,1,1,1,1,1,1,1,1,1,1,1,1,1,1,1,1,1,1
10,2024-12-26 13:21:34,2024-12-26 13:21:34,25,1,1,1,1,1,1,1,1,1,1,1,1,1,1,1,1,1,1,1,1,1,1,1,1,1
11,2024-12-26 13:21:34,2024-12-26 13:21:34,25,1,1,1,1,1,1,1,1,1,1,1,1,1,1,1,1,1,1,1,1,1,1,1,1,1
12,2024-12-26 13:21:34,2024-12-26 13:21:35,25,1,1,1,1,1,1,1,1,1,1,1,1,1,1,1,1,1,1,1,1,1,1,1,1,1
13,2024-12-26 13:21:35,2024-12-26 13:21:35,25,1,1,1,1,1,1,1,1,1,1,1,1,1,1,1,1,1,1,1,1,1,1,1,1,1
14,2024-12-26 13:21:35,2024-12-26 13:21:35,25,1,1,1,1,1,1,1,1,1,1,1,1,1,1,1,1,1,1,1,1,1,1,1,1,1
15,2024-12-26 13:21:35,2024-12-26 13:21:35,25,1,1,1,1,1,1,1,1,1,1,1,1,1,1,1,1,1,1,1,1,1,1,1,1,1
16,2024-12-26 13:21:35,2024-12-26 13:21:35,25,1,1,1,1,1,1,1,1,1,1,1,1,1,1,1,1,1,1,1,1,1,1,1,1,1
17,2024-12-26 13:21:35,2024-12-26 13:21:36,25,1,1,1,1,1,1,1,1,1,1,1,1,1,1,1,1,1,1,1,1,1,1,1,1,1
18,2024-12-26 13:21:36,2024-12-26 13:21:36,25,1,1,1,1,1,1,1,1,1,1,1,1,1,1,1,1,1,1,1,1,1,1,1,1,1
19,2024-12-26 13:21:36,2024-12-26 13:21:36,25,1,1,1,1,1,1,1,1,1,1,1,1,1,1,1,1,1,1,1,1,1,1,1,1,1
20,2024-12-26 13:21:36,2024-12-26 13:21:36,25,1,1,1,1,1,1,1,1,1,1,1,1,1,1,1,1,1,1,1,1,1,1,1,1,1
21,2024-12-26 13:21:36,2024-12-26 13:21:36,25,1,1,1,1,1,1,1,1,1,1,1,1,1,1,1,1,1,1,1,1,1,1,1,1,1
22,2024-12-26 13:21:36,2024-12-26 13:21:36,25,1,1,1,1,1,1,1,1,1,1,1,1,1,1,1,1,1,1,1,1,1,1,1,1,1
23,2024-12-26 13:21:36,2024-12-26 13:21:37,25,1,1,1,1,1,1,1,1,1,1,1,1,1,1,1,1,1,1,1,1,1,1,1,1,1
24,2024-12-26 13:21:37,2024-12-26 13:21:37,25,1,1,1,1,1,1,1,1,1,1,1,1,1,1,1,1,1,1,1,1,1,1,1,1,1
25,2024-12-26 13:21:37,2024-12-26 13:21:37,25,1,1,1,1,1,1,1,1,1,1,1,1,1,1,1,1,1,1,1,1,1,1,1,1,1
26,2024-12-26 13:21:37,2024-12-26 13:21:37,25,1,1,1,1,1,1,1,1,1,1,1,1,1,1,1,1,1,1,1,1,1,1,1,1,1
27,2024-12-26 13:21:37,2024-12-26 13:21:37,25,1,1,1,1,1,1,1,1,1,1,1,1,1,1,1,1,1,1,1,1,1,1,1,1,1
28,2024-12-26 13:21:37,2024-12-26 13:21:37,25,1,1,1,1,1,1,1,1,1,1,1,1,1,1,1,1,1,1,1,1,1,1,1,1,1
29,2024-12-26 13:21:37,2024-12-26 13:21:38,25,1,1,1,1,1,1,1,1,1,1,1,1,1,1,1,1,1,1,1,1,1,1,1,1,1
30,2024-12-26 13:21:38,2024-12-26 13:21:38,25,1,1,1,1,1,1,1,1,1,1,1,1,1,1,1,1,1,1,1,1,1,1,1,1,1
31,2024-12-26 13:21:38,2024-12-26 13:21:38,25,1,1,1,1,1,1,1,1,1,1,1,1,1,1,1,1,1,1,1,1,1,1,1,1,1
32,2024-12-26 13:21:38,2024-12-26 13:21:38,25,1,1,1,1,1,1,1,1,1,1,1,1,1,1,1,1,1,1,1,1,1,1,1,1,1
33,2024-12-26 13:21:38,2024-12-26 13:21:38,25,1,1,1,1,1,1,1,1,1,1,1,1,1,1,1,1,1,1,1,1,1,1,1,1,1
34,2024-12-26 13:21:38,2024-12-26 13:21:38,25,1,1,1,1,1,1,1,1,1,1,1,1,1,1,1,1,1,1,1,1,1,1,1,1,1
35,2024-12-26 13:21:38,2024-12-26 13:21:39,25,1,1,1,1,1,1,1,1,1,1,1,1,1,1,1,1,1,1,1,1,1,1,1,1,1
36,2024-12-26 13:21:39,2024-12-26 13:21:39,25,1,1,1,1,1,1,1,1,1,1,1,1,1,1,1,1,1,1,1,1,1,1,1,1,1
37,2024-12-26 13:21:39,2024-12-26 13:21:39,25,1,1,1,1,1,1,1,1,1,1,1,1,1,1,1,1,1,1,1,1,1,1,1,1,1
38,2024-12-26 13:21:39,2024-12-26 13:21:39,25,1,1,1,1,1,1,1,1,1,1,1,1,1,1,1,1,1,1,1,1,1,1,1,1,1
39,2024-12-26 13:21:39,2024-12-26 13:21:39,25,1,1,1,1,1,1,1,1,1,1,1,1,1,1,1,1,1,1,1,1,1,1,1,1,1
40,2024-12-26 13:21:39,2024-12-26 13:21:39,25,1,1,1,1,1,1,1,1,1,1,1,1,1,1,1,1,1,1,1,1,1,1,1,1,1
41,2024-12-26 13:21:39,2024-12-26 13:21:40,25,1,1,1,1,1,1,1,1,1,1,1,1,1,1,1,1,1,1,1,1,1,1,1,1,1
42,2024-12-26 13:21:40,2024-12-26 13:21:40,25,1,1,1,1,1,1,1,1,1,1,1,1,1,1,1,1,1,1,1,1,1,1,1,1,1
43,2024-12-26 13:21:40,2024-12-26 13:21:40,25,1,1,1,1,1,1,1,1,1,1,1,1,1,1,1,1,1,1,1,1,1,1,1,1,1
44,2024-12-26 13:21:40,2024-12-26 13:21:40,25,1,1,1,1,1,1,1,1,1,1,1,1,1,1,1,1,1,1,1,1,1,1,1,1,1
45,2024-12-26 13:21:40,2024-12-26 13:21:40,25,1,1,1,1,1,1,1,1,1,1,1,1,1,1,1,1,1,1,1,1,1,1,1,1,1
46,2024-12-26 13:21:40,2024-12-26 13:21:40,25,1,1,1,1,1,1,1,1,1,1,1,1,1,1,1,1,1,1,1,1,1,1,1,1,1
47,2024-12-26 13:21:40,2024-12-26 13:21:41,25,1,1,1,1,1,1,1,1,1,1,1,1,1,1,1,1,1,1,1,1,1,1,1,1,1
48,2024-12-26 13:21:41,2024-12-26 13:21:41,25,1,1,1,1,1,1,1,1,1,1,1,1,1,1,1,1,1,1,1,1,1,1,1,1,1
49,2024-12-26 13:21:41,2024-12-26 13:21:41,25,1,1,1,1,1,1,1,1,1,1,1,1,1,1,1,1,1,1,1,1,1,1,1,1,1
50,2024-12-26 13:21:41,2024-12-26 13:21:41,25,1,1,1,1,1,1,1,1,1,1,1,1,1,1,1,1,1,1,1,1,1,1,1,1,1
51,2024-12-26 13:21:41,2024-12-26 13:21:41,25,1,1,1,1,1,1,1,1,1,1,1,1,1,1,1,1,1,1,1,1,1,1,1,1,1
52,2024-12-26 13:21:41,2024-12-26 13:21:41,25,1,1,1,1,1,1,1,1,1,1,1,1,1,1,1,1,1,1,1,1,1,1,1,1,1
53,2024-12-26 13:21:41,2024-12-26 13:21:42,25,1,1,1,1,1,1,1,1,1,1,1,1,1,1,1,1,1,1,1,1,1,1,1,1,1
54,2024-12-26 13:21:42,2024-12-26 13:21:42,25,1,1,1,1,1,1,1,1,1,1,1,1,1,1,1,1,1,1,1,1,1,1,1,1,1
55,2024-12-26 13:21:42,2024-12-26 13:21:42,25,1,1,1,1,1,1,1,1,1,1,1,1,1,1,1,1,1,1,1,1,1,1,1,1,1
56,2024-12-26 13:21:42,2024-12-26 13:21:43,25,1,1,1,1,1,1,1,1,1,1,1,1,1,1,1,1,1,1,1,1,1,1,1,1,1
57,2024-12-26 13:21:43,2024-12-26 13:21:43,25,1,1,1,1,1,1,1,1,1,1,1,1,1,1,1,1,1,1,1,1,1,1,1,1,1
58,2024-12-26 13:21:43,2024-12-26 13:21:43,25,1,1,1,1,1,1,1,1,1,1,1,1,1,1,1,1,1,1,1,1,1,1,1,1,1
59,2024-12-26 13:21:43,2024-12-26 13:21:43,25,1,1,1,1,1,1,1,1,1,1,1,1,1,1,1,1,1,1,1,1,1,1,1,1,1
60,2024-12-26 13:21:43,2024-12-26 13:21:43,25,1,1,1,1,1,1,1,1,1,1,1,1,1,1,1,1,1,1,1,1,1,1,1,1,1
61,2024-12-26 13:21:43,2024-12-26 13:21:43,25,1,1,1,1,1,1,1,1,1,1,1,1,1,1,1,1,1,1,1,1,1,1,1,1,1
62,2024-12-26 13:21:43,2024-12-26 13:21:44,25,1,1,1,1,1,1,1,1,1,1,1,1,1,1,1,1,1,1,1,1,1,1,1,1,1
63,2024-12-26 13:21:44,2024-12-26 13:21:44,25,1,1,1,1,1,1,1,1,1,1,1,1,1,1,1,1,1,1,1,1,1,1,1,1,1
64,2024-12-26 13:21:44,2024-12-26 13:21:44,25,1,1,1,1,1,1,1,1,1,1,1,1,1,1,1,1,1,1,1,1,1,1,1,1,1
65,2024-12-26 13:21:44,2024-12-26 13:21:44,25,1,1,1,1,1,1,1,1,1,1,1,1,1,1,1,1,1,1,1,1,1,1,1,1,1
66,2024-12-26 13:21:44,2024-12-26 13:21:44,25,1,1,1,1,1,1,1,1,1,1,1,1,1,1,1,1,1,1,1,1,1,1,1,1,1
67,2024-12-26 13:21:44,2024-12-26 13:21:44,25,1,1,1,1,1,1,1,1,1,1,1,1,1,1,1,1,1,1,1,1,1,1,1,1,1
68,2024-12-26 13:21:44,2024-12-26 13:21:45,25,1,1,1,1,1,1,1,1,1,1,1,1,1,1,1,1,1,1,1,1,1,1,1,1,1
69,2024-12-26 13:21:45,2024-12-26 13:21:45,25,1,1,1,1,1,1,1,1,1,1,1,1,1,1,1,1,1,1,1,1,1,1,1,1,1
70,2024-12-26 13:21:45,2024-12-26 13:21:45,25,1,1,1,1,1,1,1,1,1,1,1,1,1,1,1,1,1,1,1,1,1,1,1,1,1
71,2024-12-26 13:21:45,2024-12-26 13:21:45,25,1,1,1,1,1,1,1,1,1,1,1,1,1,1,1,1,1,1,1,1,1,1,1,1,1
72,2024-12-26 13:21:45,2024-12-26 13:21:45,25,1,1,1,1,1,1,1,1,1,1,1,1,1,1,1,1,1,1,1,1,1,1,1,1,1
73,2024-12-26 13:21:45,2024-12-26 13:21:45,25,1,1,1,1,1,1,1,1,1,1,1,1,1,1,1,1,1,1,1,1,1,1,1,1,1
74,2024-12-26 13:21:45,2024-12-26 13:21:46,25,1,1,1,1,1,1,1,1,1,1,1,1,1,1,1,1,1,1,1,1,1,1,1,1,1
75,2024-12-26 13:21:46,2024-12-26 13:21:46,25,1,1,1,1,1,1,1,1,1,1,1,1,1,1,1,1,1,1,1,1,1,1,1,1,1
76,2024-12-26 13:21:46,2024-12-26 13:21:46,25,1,1,1,1,1,1,1,1,1,1,1,1,1,1,1,1,1,1,1,1,1,1,1,1,1
77,2024-12-26 13:21:46,2024-12-26 13:21:46,25,1,1,1,1,1,1,1,1,1,1,1,1,1,1,1,1,1,1,1,1,1,1,1,1,1
78,2024-12-26 13:21:46,2024-12-26 13:21:46,25,1,1,1,1,1,1,1,1,1,1,1,1,1,1,1,1,1,1,1,1,1,1,1,1,1
79,2024-12-26 13:21:46,2024-12-26 13:21:46,25,1,1,1,1,1,1,1,1,1,1,1,1,1,1,1,1,1,1,1,1,1,1,1,1,1
80,2024-12-26 13:21:46,2024-12-26 13:21:47,25,1,1,1,1,1,1,1,1,1,1,1,1,1,1,1,1,1,1,1,1,1,1,1,1,1
81,2024-12-26 13:21:47,2024-12-26 13:21:47,25,1,1,1,1,1,1,1,1,1,1,1,1,1,1,1,1,1,1,1,1,1,1,1,1,1
82,2024-12-26 13:21:47,2024-12-26 13:21:47,25,1,1,1,1,1,1,1,1,1,1,1,1,1,1,1,1,1,1,1,1,1,1,1,1,1
83,2024-12-26 13:21:47,2024-12-26 13:21:47,25,1,1,1,1,1,1,1,1,1,1,1,1,1,1,1,1,1,1,1,1,1,1,1,1,1
84,2024-12-26 13:21:47,2024-12-26 13:21:47,25,1,1,1,1,1,1,1,1,1,1,1,1,1,1,1,1,1,1,1,1,1,1,1,1,1
85,2024-12-26 13:21:47,2024-12-26 13:21:48,25,1,1,1,1,1,1,1,1,1,1,1,1,1,1,1,1,1,1,1,1,1,1,1,1,1
86,2024-12-26 13:21:48,2024-12-26 13:21:48,25,1,1,1,1,1,1,1,1,1,1,1,1,1,1,1,1,1,1,1,1,1,1,1,1,1
87,2024-12-26 13:21:48,2024-12-26 13:21:48,25,1,1,1,1,1,1,1,1,1,1,1,1,1,1,1,1,1,1,1,1,1,1,1,1,1
88,2024-12-26 13:21:48,2024-12-26 13:21:48,25,1,1,1,1,1,1,1,1,1,1,1,1,1,1,1,1,1,1,1,1,1,1,1,1,1
89,2024-12-26 13:21:48,2024-12-26 13:21:48,25,1,1,1,1,1,1,1,1,1,1,1,1,1,1,1,1,1,1,1,1,1,1,1,1,1
90,2024-12-26 13:21:48,2024-12-26 13:21:48,25,1,1,1,1,1,1,1,1,1,1,1,1,1,1,1,1,1,1,1,1,1,1,1,1,1
91,2024-12-26 13:21:48,2024-12-26 13:21:49,25,1,1,1,1,1,1,1,1,1,1,1,1,1,1,1,1,1,1,1,1,1,1,1,1,1
92,2024-12-26 13:21:49,2024-12-26 13:21:49,25,1,1,1,1,1,1,1,1,1,1,1,1,1,1,1,1,1,1,1,1,1,1,1,1,1
93,2024-12-26 13:21:49,2024-12-26 13:21:49,25,1,1,1,1,1,1,1,1,1,1,1,1,1,1,1,1,1,1,1,1,1,1,1,1,1
94,2024-12-26 13:21:49,2024-12-26 13:21:49,25,1,1,1,1,1,1,1,1,1,1,1,1,1,1,1,1,1,1,1,1,1,1,1,1,1
95,2024-12-26 13:21:49,2024-12-26 13:21:49,25,1,1,1,1,1,1,1,1,1,1,1,1,1,1,1,1,1,1,1,1,1,1,1,1,1
96,2024-12-26 13:21:49,2024-12-26 13:21:49,25,1,1,1,1,1,1,1,1,1,1,1,1,1,1,1,1,1,1,1,1,1,1,1,1,1
97,2024-12-26 13:21:49,2024-12-26 13:21:50,25,1,1,1,1,1,1,1,1,1,1,1,1,1,1,1,1,1,1,1,1,1,1,1,1,1
98,2024-12-26 13:21:50,2024-12-26 13:21:50,25,1,1,1,1,1,1,1,1,1,1,1,1,1,1,1,1,1,1,1,1,1,1,1,1,1
99,2024-12-26 13:21:50,2024-12-26 13:21:50,25,1,1,1,1,1,1,1,1,1,1,1,1,1,1,1,1,1,1,1,1,1,1,1,1,1
100,2024-12-26 13:21:50,2024-12-26 13:21:50,25,1,1,1,1,1,1,1,1,1,1,1,1,1,1,1,1,1,1,1,1,1,1,1,1,1
101,2024-12-26 13:21:50,2024-12-26 13:21:50,25,1,1,1,1,1,1,1,1,1,1,1,1,1,1,1,1,1,1,1,1,1,1,1,1,1
102,2024-12-26 13:21:50,2024-12-26 13:21:50,25,1,1,1,1,1,1,1,1,1,1,1,1,1,1,1,1,1,1,1,1,1,1,1,1,1
103,2024-12-26 13:21:50,2024-12-26 13:21:51,25,1,1,1,1,1,1,1,1,1,1,1,1,1,1,1,1,1,1,1,1,1,1,1,1,1
104,2024-12-26 13:21:51,2024-12-26 13:21:51,25,1,1,1,1,1,1,1,1,1,1,1,1,1,1,1,1,1,1,1,1,1,1,1,1,1
105,2024-12-26 13:21:51,2024-12-26 13:21:51,25,1,1,1,1,1,1,1,1,1,1,1,1,1,1,1,1,1,1,1,1,1,1,1,1,1
106,2024-12-26 13:21:51,2024-12-26 13:21:51,25,1,1,1,1,1,1,1,1,1,1,1,1,1,1,1,1,1,1,1,1,1,1,1,1,1
107,2024-12-26 13:21:51,2024-12-26 13:21:51,25,1,1,1,1,1,1,1,1,1,1,1,1,1,1,1,1,1,1,1,1,1,1,1,1,1
108,2024-12-26 13:21:51,2024-12-26 13:21:51,25,1,1,1,1,1,1,1,1,1,1,1,1,1,1,1,1,1,1,1,1,1,1,1,1,1
109,2024-12-26 13:21:51,2024-12-26 13:21:52,25,1,1,1,1,1,1,1,1,1,1,1,1,1,1,1,1,1,1,1,1,1,1,1,1,1
110,2024-12-26 13:21:52,2024-12-26 13:21:52,25,1,1,1,1,1,1,1,1,1,1,1,1,1,1,1,1,1,1,1,1,1,1,1,1,1
111,2024-12-26 13:21:52,2024-12-26 13:21:52,25,1,1,1,1,1,1,1,1,1,1,1,1,1,1,1,1,1,1,1,1,1,1,1,1,1
112,2024-12-26 13:21:52,2024-12-26 13:21:52,25,1,1,1,1,1,1,1,1,1,1,1,1,1,1,1,1,1,1,1,1,1,1,1,1,1
113,2024-12-26 13:21:52,2024-12-26 13:21:52,25,1,1,1,1,1,1,1,1,1,1,1,1,1,1,1,1,1,1,1,1,1,1,1,1,1
114,2024-12-26 13:21:52,2024-12-26 13:21:52,25,1,1,1,1,1,1,1,1,1,1,1,1,1,1,1,1,1,1,1,1,1,1,1,1,1
115,2024-12-26 13:21:52,2024-12-26 13:21:53,25,1,1,1,1,1,1,1,1,1,1,1,1,1,1,1,1,1,1,1,1,1,1,1,1,1
116,2024-12-26 13:21:53,2024-12-26 13:21:53,25,1,1,1,1,1,1,1,1,1,1,1,1,1,1,1,1,1,1,1,1,1,1,1,1,1
117,2024-12-26 13:21:53,2024-12-26 13:21:53,25,1,1,1,1,1,1,1,1,1,1,1,1,1,1,1,1,1,1,1,1,1,1,1,1,1
118,2024-12-26 13:21:53,2024-12-26 13:21:53,25,1,1,1,1,1,1,1,1,1,1,1,1,1,1,1,1,1,1,1,1,1,1,1,1,1
119,2024-12-26 13:21:53,2024-12-26 13:21:53,25,1,1,1,1,1,1,1,1,1,1,1,1,1,1,1,1,1,1,1,1,1,1,1,1,1
120,2024-12-26 13:21:53,2024-12-26 13:21:54,25,1,1,1,1,1,1,1,1,1,1,1,1,1,1,1,1,1,1,1,1,1,1,1,1,1
121,2024-12-26 13:21:54,2024-12-26 13:21:54,25,1,1,1,1,1,1,1,1,1,1,1,1,1,1,1,1,1,1,1,1,1,1,1,1,1
122,2024-12-26 13:21:54,2024-12-26 13:21:54,25,1,1,1,1,1,1,1,1,1,1,1,1,1,1,1,1,1,1,1,1,1,1,1,1,1
123,2024-12-26 13:21:54,2024-12-26 13:21:54,25,1,1,1,1,1,1,1,1,1,1,1,1,1,1,1,1,1,1,1,1,1,1,1,1,1
124,2024-12-26 13:21:54,2024-12-26 13:21:54,25,1,1,1,1,1,1,1,1,1,1,1,1,1,1,1,1,1,1,1,1,1,1,1,1,1
125,2024-12-26 13:21:54,2024-12-26 13:21:54,25,1,1,1,1,1,1,1,1,1,1,1,1,1,1,1,1,1,1,1,1,1,1,1,1,1
126,2024-12-26 13:21:54,2024-12-26 13:21:55,25,1,1,1,1,1,1,1,1,1,1,1,1,1,1,1,1,1,1,1,1,1,1,1,1,1
127,2024-12-26 13:21:55,2024-12-26 13:21:55,25,1,1,1,1,1,1,1,1,1,1,1,1,1,1,1,1,1,1,1,1,1,1,1,1,1
128,2024-12-26 13:21:55,2024-12-26 13:21:55,25,1,1,1,1,1,1,1,1,1,1,1,1,1,1,1,1,1,1,1,1,1,1,1,1,1
129,2024-12-26 13:21:55,2024-12-26 13:21:55,25,1,1,1,1,1,1,1,1,1,1,1,1,1,1,1,1,1,1,1,1,1,1,1,1,1
130,2024-12-26 13:21:55,2024-12-26 13:21:55,25,1,1,1,1,1,1,1,1,1,1,1,1,1,1,1,1,1,1,1,1,1,1,1,1,1
131,2024-12-26 13:21:55,2024-12-26 13:21:55,25,1,1,1,1,1,1,1,1,1,1,1,1,1,1,1,1,1,1,1,1,1,1,1,1,1
132,2024-12-26 13:21:55,2024-12-26 13:21:56,25,1,1,1,1,1,1,1,1,1,1,1,1,1,1,1,1,1,1,1,1,1,1,1,1,1
133,2024-12-26 13:21:56,2024-12-26 13:21:56,25,1,1,1,1,1,1,1,1,1,1,1,1,1,1,1,1,1,1,1,1,1,1,1,1,1
134,2024-12-26 13:21:56,2024-12-26 13:21:56,25,1,1,1,1,1,1,1,1,1,1,1,1,1,1,1,1,1,1,1,1,1,1,1,1,1
135,2024-12-26 13:21:56,2024-12-26 13:21:56,25,1,1,1,1,1,1,1,1,1,1,1,1,1,1,1,1,1,1,1,1,1,1,1,1,1
136,2024-12-26 13:21:56,2024-12-26 13:21:56,25,1,1,1,1,1,1,1,1,1,1,1,1,1,1,1,1,1,1,1,1,1,1,1,1,1
137,2024-12-26 13:21:56,2024-12-26 13:21:57,25,1,1,1,1,1,1,1,1,1,1,1,1,1,1,1,1,1,1,1,1,1,1,1,1,1
138,2024-12-26 13:21:57,2024-12-26 13:21:57,25,1,1,1,1,1,1,1,1,1,1,1,1,1,1,1,1,1,1,1,1,1,1,1,1,1
139,2024-12-26 13:21:57,2024-12-26 13:21:57,25,1,1,1,1,1,1,1,1,1,1,1,1,1,1,1,1,1,1,1,1,1,1,1,1,1
140,2024-12-26 13:21:57,2024-12-26 13:21:57,25,1,1,1,1,1,1,1,1,1,1,1,1,1,1,1,1,1,1,1,1,1,1,1,1,1
141,2024-12-26 13:21:57,2024-12-26 13:21:57,25,1,1,1,1,1,1,1,1,1,1,1,1,1,1,1,1,1,1,1,1,1,1,1,1,1
142,2024-12-26 13:21:57,2024-12-26 13:21:57,25,1,1,1,1,1,1,1,1,1,1,1,1,1,1,1,1,1,1,1,1,1,1,1,1,1
143,2024-12-26 13:21:57,2024-12-26 13:21:58,25,1,1,1,1,1,1,1,1,1,1,1,1,1,1,1,1,1,1,1,1,1,1,1,1,1
144,2024-12-26 13:21:58,2024-12-26 13:21:58,25,1,1,1,1,1,1,1,1,1,1,1,1,1,1,1,1,1,1,1,1,1,1,1,1,1
145,2024-12-26 13:21:58,2024-12-26 13:21:58,25,1,1,1,1,1,1,1,1,1,1,1,1,1,1,1,1,1,1,1,1,1,1,1,1,1
146,2024-12-26 13:21:58,2024-12-26 13:21:58,25,1,1,1,1,1,1,1,1,1,1,1,1,1,1,1,1,1,1,1,1,1,1,1,1,1
147,2024-12-26 13:21:58,2024-12-26 13:21:58,25,1,1,1,1,1,1,1,1,1,1,1,1,1,1,1,1,1,1,1,1,1,1,1,1,1
148,2024-12-26 13:21:58,2024-12-26 13:21:58,25,1,1,1,1,1,1,1,1,1,1,1,1,1,1,1,1,1,1,1,1,1,1,1,1,1
149,2024-12-26 13:21:58,2024-12-26 13:21:59,25,1,1,1,1,1,1,1,1,1,1,1,1,1,1,1,1,1,1,1,1,1,1,1,1,1
150,2024-12-26 13:21:59,2024-12-26 13:21:59,25,1,1,1,1,1,1,1,1,1,1,1,1,1,1,1,1,1,1,1,1,1,1,1,1,1
151,2024-12-26 13:21:59,2024-12-26 13:21:59,25,1,1,1,1,1,1,1,1,1,1,1,1,1,1,1,1,1,1,1,1,1,1,1,1,1
152,2024-12-26 13:21:59,2024-12-26 13:21:59,25,1,1,1,1,1,1,1,1,1,1,1,1,1,1,1,1,1,1,1,1,1,1,1,1,1
153,2024-12-26 13:21:59,2024-12-26 13:22:00,25,1,1,1,1,1,1,1,1,1,1,1,1,1,1,1,1,1,1,1,1,1,1,1,1,1
154,2024-12-26 13:22:00,2024-12-26 13:22:00,25,1,1,1,1,1,1,1,1,1,1,1,1,1,1,1,1,1,1,1,1,1,1,1,1,1
155,2024-12-26 13:22:00,2024-12-26 13:22:00,25,1,1,1,1,1,1,1,1,1,1,1,1,1,1,1,1,1,1,1,1,1,1,1,1,1
156,2024-12-26 13:22:00,2024-12-26 13:22:00,25,1,1,1,1,1,1,1,1,1,1,1,1,1,1,1,1,1,1,1,1,1,1,1,1,1
157,2024-12-26 13:22:00,2024-12-26 13:22:00,25,1,1,1,1,1,1,1,1,1,1,1,1,1,1,1,1,1,1,1,1,1,1,1,1,1
158,2024-12-26 13:22:00,2024-12-26 13:22:00,25,1,1,1,1,1,1,1,1,1,1,1,1,1,1,1,1,1,1,1,1,1,1,1,1,1
159,2024-12-26 13:22:00,2024-12-26 13:22:01,25,1,1,1,1,1,1,1,1,1,1,1,1,1,1,1,1,1,1,1,1,1,1,1,1,1
160,2024-12-26 13:22:01,2024-12-26 13:22:01,25,1,1,1,1,1,1,1,1,1,1,1,1,1,1,1,1,1,1,1,1,1,1,1,1,1
161,2024-12-26 13:22:01,2024-12-26 13:22:01,25,1,1,1,1,1,1,1,1,1,1,1,1,1,1,1,1,1,1,1,1,1,1,1,1,1
162,2024-12-26 13:22:01,2024-12-26 13:22:01,25,1,1,1,1,1,1,1,1,1,1,1,1,1,1,1,1,1,1,1,1,1,1,1,1,1
163,2024-12-26 13:22:01,2024-12-26 13:22:01,25,1,1,1,1,1,1,1,1,1,1,1,1,1,1,1,1,1,1,1,1,1,1,1,1,1
164,2024-12-26 13:22:01,2024-12-26 13:22:02,25,1,1,1,1,1,1,1,1,1,1,1,1,1,1,1,1,1,1,1,1,1,1,1,1,1
165,2024-12-26 13:22:02,2024-12-26 13:22:02,25,1,1,1,1,1,1,1,1,1,1,1,1,1,1,1,1,1,1,1,1,1,1,1,1,1
166,2024-12-26 13:22:02,2024-12-26 13:22:02,25,1,1,1,1,1,1,1,1,1,1,1,1,1,1,1,1,1,1,1,1,1,1,1,1,1
167,2024-12-26 13:22:02,2024-12-26 13:22:02,25,1,1,1,1,1,1,1,1,1,1,1,1,1,1,1,1,1,1,1,1,1,1,1,1,1
168,2024-12-26 13:22:02,2024-12-26 13:22:02,25,1,1,1,1,1,1,1,1,1,1,1,1,1,1,1,1,1,1,1,1,1,1,1,1,1
169,2024-12-26 13:22:02,2024-12-26 13:22:02,25,1,1,1,1,1,1,1,1,1,1,1,1,1,1,1,1,1,1,1,1,1,1,1,1,1
170,2024-12-26 13:22:02,2024-12-26 13:22:03,25,1,1,1,1,1,1,1,1,1,1,1,1,1,1,1,1,1,1,1,1,1,1,1,1,1
171,2024-12-26 13:22:03,2024-12-26 13:22:03,25,1,1,1,1,1,1,1,1,1,1,1,1,1,1,1,1,1,1,1,1,1,1,1,1,1
172,2024-12-26 13:22:03,2024-12-26 13:22:03,25,1,1,1,1,1,1,1,1,1,1,1,1,1,1,1,1,1,1,1,1,1,1,1,1,1
173,2024-12-26 13:22:03,2024-12-26 13:22:03,25,1,1,1,1,1,1,1,1,1,1,1,1,1,1,1,1,1,1,1,1,1,1,1,1,1
174,2024-12-26 13:22:03,2024-12-26 13:22:04,25,1,1,1,1,1,1,1,1,1,1,1,1,1,1,1,1,1,1,1,1,1,1,1,1,1
175,2024-12-26 13:22:04,2024-12-26 13:22:04,25,1,1,1,1,1,1,1,1,1,1,1,1,1,1,1,1,1,1,1,1,1,1,1,1,1
176,2024-12-26 13:22:04,2024-12-26 13:22:04,25,1,1,1,1,1,1,1,1,1,1,1,1,1,1,1,1,1,1,1,1,1,1,1,1,1
177,2024-12-26 13:22:04,2024-12-26 13:22:04,25,1,1,1,1,1,1,1,1,1,1,1,1,1,1,1,1,1,1,1,1,1,1,1,1,1
178,2024-12-26 13:22:04,2024-12-26 13:22:04,25,1,1,1,1,1,1,1,1,1,1,1,1,1,1,1,1,1,1,1,1,1,1,1,1,1
179,2024-12-26 13:22:04,2024-12-26 13:22:04,25,1,1,1,1,1,1,1,1,1,1,1,1,1,1,1,1,1,1,1,1,1,1,1,1,1
180,2024-12-26 13:22:04,2024-12-26 13:22:05,25,1,1,1,1,1,1,1,1,1,1,1,1,1,1,1,1,1,1,1,1,1,1,1,1,1
181,2024-12-26 13:22:05,2024-12-26 13:22:05,25,1,1,1,1,1,1,1,1,1,1,1,1,1,1,1,1,1,1,1,1,1,1,1,1,1
182,2024-12-26 13:22:05,2024-12-26 13:22:05,25,1,1,1,1,1,1,1,1,1,1,1,1,1,1,1,1,1,1,1,1,1,1,1,1,1
183,2024-12-26 13:22:05,2024-12-26 13:22:05,25,1,1,1,1,1,1,1,1,1,1,1,1,1,1,1,1,1,1,1,1,1,1,1,1,1
184,2024-12-26 13:22:05,2024-12-26 13:22:05,25,1,1,1,1,1,1,1,1,1,1,1,1,1,1,1,1,1,1,1,1,1,1,1,1,1
185,2024-12-26 13:22:05,2024-12-26 13:22:06,25,1,1,1,1,1,1,1,1,1,1,1,1,1,1,1,1,1,1,1,1,1,1,1,1,1
186,2024-12-26 13:22:06,2024-12-26 13:22:06,25,1,1,1,1,1,1,1,1,1,1,1,1,1,1,1,1,1,1,1,1,1,1,1,1,1
187,2024-12-26 13:22:06,2024-12-26 13:22:06,25,1,1,1,1,1,1,1,1,1,1,1,1,1,1,1,1,1,1,1,1,1,1,1,1,1
188,2024-12-26 13:22:06,2024-12-26 13:22:06,25,1,1,1,1,1,1,1,1,1,1,1,1,1,1,1,1,1,1,1,1,1,1,1,1,1
189,2024-12-26 13:22:06,2024-12-26 13:22:06,25,1,1,1,1,1,1,1,1,1,1,1,1,1,1,1,1,1,1,1,1,1,1,1,1,1
190,2024-12-26 13:22:06,2024-12-26 13:22:07,25,1,1,1,1,1,1,1,1,1,1,1,1,1,1,1,1,1,1,1,1,1,1,1,1,1
191,2024-12-26 13:22:07,2024-12-26 13:22:07,25,1,1,1,1,1,1,1,1,1,1,1,1,1,1,1,1,1,1,1,1,1,1,1,1,1
192,2024-12-26 13:22:07,2024-12-26 13:22:07,25,1,1,1,1,1,1,1,1,1,1,1,1,1,1,1,1,1,1,1,1,1,1,1,1,1
193,2024-12-26 13:22:07,2024-12-26 13:22:07,25,1,1,1,1,1,1,1,1,1,1,1,1,1,1,1,1,1,1,1,1,1,1,1,1,1
194,2024-12-26 13:22:07,2024-12-26 13:22:07,25,1,1,1,1,1,1,1,1,1,1,1,1,1,1,1,1,1,1,1,1,1,1,1,1,1
195,2024-12-26 13:22:07,2024-12-26 13:22:07,25,1,1,1,1,1,1,1,1,1,1,1,1,1,1,1,1,1,1,1,1,1,1,1,1,1
196,2024-12-26 13:22:07,2024-12-26 13:22:08,25,1,1,1,1,1,1,1,1,1,1,1,1,1,1,1,1,1,1,1,1,1,1,1,1,1
197,2024-12-26 13:22:08,2024-12-26 13:22:08,25,1,1,1,1,1,1,1,1,1,1,1,1,1,1,1,1,1,1,1,1,1,1,1,1,1
198,2024-12-26 13:22:08,2024-12-26 13:22:08,25,1,1,1,1,1,1,1,1,1,1,1,1,1,1,1,1,1,1,1,1,1,1,1,1,1
199,2024-12-26 13:22:08,2024-12-26 13:22:08,25,1,1,1,1,1,1,1,1,1,1,1,1,1,1,1,1,1,1,1,1,1,1,1,1,1
200,2024-12-26 13:22:08,2024-12-26 13:22:08,25,1,1,1,1,1,1,1,1,1,1,1,1,1,1,1,1,1,1,1,1,1,1,1,1,1
201,2024-12-26 13:22:08,2024-12-26 13:22:08,25,1,1,1,1,1,1,1,1,1,1,1,1,1,1,1,1,1,1,1,1,1,1,1,1,1
202,2024-12-26 13:22:08,2024-12-26 13:22:09,25,1,1,1,1,1,1,1,1,1,1,1,1,1,1,1,1,1,1,1,1,1,1,1,1,1
203,2024-12-26 13:22:09,2024-12-26 13:22:09,25,1,1,1,1,1,1,1,1,1,1,1,1,1,1,1,1,1,1,1,1,1,1,1,1,1
204,2024-12-26 13:22:09,2024-12-26 13:22:09,25,1,1,1,1,1,1,1,1,1,1,1,1,1,1,1,1,1,1,1,1,1,1,1,1,1
205,2024-12-26 13:22:09,2024-12-26 13:22:09,25,1,1,1,1,1,1,1,1,1,1,1,1,1,1,1,1,1,1,1,1,1,1,1,1,1
206,2024-12-26 13:22:09,2024-12-26 13:22:09,25,1,1,1,1,1,1,1,1,1,1,1,1,1,1,1,1,1,1,1,1,1,1,1,1,1
207,2024-12-26 13:22:09,2024-12-26 13:22:09,25,1,1,1,1,1,1,1,1,1,1,1,1,1,1,1,1,1,1,1,1,1,1,1,1,1
208,2024-12-26 13:22:09,2024-12-26 13:22:10,25,1,1,1,1,1,1,1,1,1,1,1,1,1,1,1,1,1,1,1,1,1,1,1,1,1
209,2024-12-26 13:22:10,2024-12-26 13:22:10,25,1,1,1,1,1,1,1,1,1,1,1,1,1,1,1,1,1,1,1,1,1,1,1,1,1
210,2024-12-26 13:22:10,2024-12-26 13:22:10,25,1,1,1,1,1,1,1,1,1,1,1,1,1,1,1,1,1,1,1,1,1,1,1,1,1
211,2024-12-26 13:22:10,2024-12-26 13:22:10,25,1,1,1,1,1,1,1,1,1,1,1,1,1,1,1,1,1,1,1,1,1,1,1,1,1
212,2024-12-26 13:22:10,2024-12-26 13:22:10,25,1,1,1,1,1,1,1,1,1,1,1,1,1,1,1,1,1,1,1,1,1,1,1,1,1
213,2024-12-26 13:22:10,2024-12-26 13:22:10,25,1,1,1,1,1,1,1,1,1,1,1,1,1,1,1,1,1,1,1,1,1,1,1,1,1
214,2024-12-26 13:22:10,2024-12-26 13:22:11,25,1,1,1,1,1,1,1,1,1,1,1,1,1,1,1,1,1,1,1,1,1,1,1,1,1
215,2024-12-26 13:22:11,2024-12-26 13:22:11,25,1,1,1,1,1,1,1,1,1,1,1,1,1,1,1,1,1,1,1,1,1,1,1,1,1
216,2024-12-26 13:22:11,2024-12-26 13:22:11,25,1,1,1,1,1,1,1,1,1,1,1,1,1,1,1,1,1,1,1,1,1,1,1,1,1
217,2024-12-26 13:22:11,2024-12-26 13:22:11,25,1,1,1,1,1,1,1,1,1,1,1,1,1,1,1,1,1,1,1,1,1,1,1,1,1
218,2024-12-26 13:22:11,2024-12-26 13:22:11,25,1,1,1,1,1,1,1,1,1,1,1,1,1,1,1,1,1,1,1,1,1,1,1,1,1
219,2024-12-26 13:22:11,2024-12-26 13:22:11,25,1,1,1,1,1,1,1,1,1,1,1,1,1,1,1,1,1,1,1,1,1,1,1,1,1
220,2024-12-26 13:22:11,2024-12-26 13:22:12,25,1,1,1,1,1,1,1,1,1,1,1,1,1,1,1,1,1,1,1,1,1,1,1,1,1
221,2024-12-26 13:22:12,2024-12-26 13:22:12,25,1,1,1,1,1,1,1,1,1,1,1,1,1,1,1,1,1,1,1,1,1,1,1,1,1
222,2024-12-26 13:22:12,2024-12-26 13:22:12,25,1,1,1,1,1,1,1,1,1,1,1,1,1,1,1,1,1,1,1,1,1,1,1,1,1
223,2024-12-26 13:22:12,2024-12-26 13:22:12,25,1,1,1,1,1,1,1,1,1,1,1,1,1,1,1,1,1,1,1,1,1,1,1,1,1
224,2024-12-26 13:22:12,2024-12-26 13:22:12,25,1,1,1,1,1,1,1,1,1,1,1,1,1,1,1,1,1,1,1,1,1,1,1,1,1
225,2024-12-26 13:22:12,2024-12-26 13:22:13,25,1,1,1,1,1,1,1,1,1,1,1,1,1,1,1,1,1,1,1,1,1,1,1,1,1
226,2024-12-26 13:22:13,2024-12-26 13:22:13,25,1,1,1,1,1,1,1,1,1,1,1,1,1,1,1,1,1,1,1,1,1,1,1,1,1
227,2024-12-26 13:22:13,2024-12-26 13:22:13,25,1,1,1,1,1,1,1,1,1,1,1,1,1,1,1,1,1,1,1,1,1,1,1,1,1
228,2024-12-26 13:22:13,2024-12-26 13:22:13,25,1,1,1,1,1,1,1,1,1,1,1,1,1,1,1,1,1,1,1,1,1,1,1,1,1
229,2024-12-26 13:22:13,2024-12-26 13:22:13,25,1,1,1,1,1,1,1,1,1,1,1,1,1,1,1,1,1,1,1,1,1,1,1,1,1
230,2024-12-26 13:22:13,2024-12-26 13:22:13,25,1,1,1,1,1,1,1,1,1,1,1,1,1,1,1,1,1,1,1,1,1,1,1,1,1
231,2024-12-26 13:22:13,2024-12-26 13:22:13,25,1,1,1,1,1,1,1,1,1,1,1,1,1,1,1,1,1,1,1,1,1,1,1,1,1
232,2024-12-26 13:22:13,2024-12-26 13:22:14,25,1,1,1,1,1,1,1,1,1,1,1,1,1,1,1,1,1,1,1,1,1,1,1,1,1
233,2024-12-26 13:22:14,2024-12-26 13:22:14,25,1,1,1,1,1,1,1,1,1,1,1,1,1,1,1,1,1,1,1,1,1,1,1,1,1
234,2024-12-26 13:22:14,2024-12-26 13:22:14,25,1,1,1,1,1,1,1,1,1,1,1,1,1,1,1,1,1,1,1,1,1,1,1,1,1
235,2024-12-26 13:22:14,2024-12-26 13:22:14,25,1,1,1,1,1,1,1,1,1,1,1,1,1,1,1,1,1,1,1,1,1,1,1,1,1
236,2024-12-26 13:22:14,2024-12-26 13:22:14,25,1,1,1,1,1,1,1,1,1,1,1,1,1,1,1,1,1,1,1,1,1,1,1,1,1
237,2024-12-26 13:22:14,2024-12-26 13:22:14,25,1,1,1,1,1,1,1,1,1,1,1,1,1,1,1,1,1,1,1,1,1,1,1,1,1
238,2024-12-26 13:22:14,2024-12-26 13:22:15,25,1,1,1,1,1,1,1,1,1,1,1,1,1,1,1,1,1,1,1,1,1,1,1,1,1
239,2024-12-26 13:22:15,2024-12-26 13:22:15,25,1,1,1,1,1,1,1,1,1,1,1,1,1,1,1,1,1,1,1,1,1,1,1,1,1
240,2024-12-26 13:22:15,2024-12-26 13:22:15,25,1,1,1,1,1,1,1,1,1,1,1,1,1,1,1,1,1,1,1,1,1,1,1,1,1
241,2024-12-26 13:22:15,2024-12-26 13:22:15,25,1,1,1,1,1,1,1,1,1,1,1,1,1,1,1,1,1,1,1,1,1,1,1,1,1
242,2024-12-26 13:22:15,2024-12-26 13:22:15,25,1,1,1,1,1,1,1,1,1,1,1,1,1,1,1,1,1,1,1,1,1,1,1,1,1
243,2024-12-26 13:22:15,2024-12-26 13:22:16,25,1,1,1,1,1,1,1,1,1,1,1,1,1,1,1,1,1,1,1,1,1,1,1,1,1
244,2024-12-26 13:22:16,2024-12-26 13:22:16,25,1,1,1,1,1,1,1,1,1,1,1,1,1,1,1,1,1,1,1,1,1,1,1,1,1
245,2024-12-26 13:22:16,2024-12-26 13:22:16,25,1,1,1,1,1,1,1,1,1,1,1,1,1,1,1,1,1,1,1,1,1,1,1,1,1
246,2024-12-26 13:22:16,2024-12-26 13:22:16,25,1,1,1,1,1,1,1,1,1,1,1,1,1,1,1,1,1,1,1,1,1,1,1,1,1
247,2024-12-26 13:22:16,2024-12-26 13:22:16,25,1,1,1,1,1,1,1,1,1,1,1,1,1,1,1,1,1,1,1,1,1,1,1,1,1
248,2024-12-26 13:22:16,2024-12-26 13:22:17,25,1,1,1,1,1,1,1,1,1,1,1,1,1,1,1,1,1,1,1,1,1,1,1,1,1
249,2024-12-26 13:22:17,2024-12-26 13:22:17,25,1,1,1,1,1,1,1,1,1,1,1,1,1,1,1,1,1,1,1,1,1,1,1,1,1
250,2024-12-26 13:22:17,2024-12-26 13:22:17,25,1,1,1,1,1,1,1,1,1,1,1,1,1,1,1,1,1,1,1,1,1,1,1,1,1
251,2024-12-26 13:22:17,2024-12-26 13:22:17,25,1,1,1,1,1,1,1,1,1,1,1,1,1,1,1,1,1,1,1,1,1,1,1,1,1
252,2024-12-26 13:22:17,2024-12-26 13:22:17,25,1,1,1,1,1,1,1,1,1,1,1,1,1,1,1,1,1,1,1,1,1,1,1,1,1
253,2024-12-26 13:22:17,2024-12-26 13:22:18,25,1,1,1,1,1,1,1,1,1,1,1,1,1,1,1,1,1,1,1,1,1,1,1,1,1
254,2024-12-26 13:22:18,2024-12-26 13:22:18,25,1,1,1,1,1,1,1,1,1,1,1,1,1,1,1,1,1,1,1,1,1,1,1,1,1
255,2024-12-26 13:22:18,2024-12-26 13:22:18,25,1,1,1,1,1,1,1,1,1,1,1,1,1,1,1,1,1,1,1,1,1,1,1,1,1
256,2024-12-26 13:22:18,2024-12-26 13:22:18,25,1,1,1,1,1,1,1,1,1,1,1,1,1,1,1,1,1,1,1,1,1,1,1,1,1
257,2024-12-26 13:22:18,2024-12-26 13:22:18,25,1,1,1,1,1,1,1,1,1,1,1,1,1,1,1,1,1,1,1,1,1,1,1,1,1
258,2024-12-26 13:22:18,2024-12-26 13:22:18,25,1,1,1,1,1,1,1,1,1,1,1,1,1,1,1,1,1,1,1,1,1,1,1,1,1
259,2024-12-26 13:22:18,2024-12-26 13:22:19,25,1,1,1,1,1,1,1,1,1,1,1,1,1,1,1,1,1,1,1,1,1,1,1,1,1
260,2024-12-26 13:22:19,2024-12-26 13:22:19,25,1,1,1,1,1,1,1,1,1,1,1,1,1,1,1,1,1,1,1,1,1,1,1,1,1
261,2024-12-26 13:22:19,2024-12-26 13:22:19,25,1,1,1,1,1,1,1,1,1,1,1,1,1,1,1,1,1,1,1,1,1,1,1,1,1
262,2024-12-26 13:22:19,2024-12-26 13:22:19,25,1,1,1,1,1,1,1,1,1,1,1,1,1,1,1,1,1,1,1,1,1,1,1,1,1
263,2024-12-26 13:22:19,2024-12-26 13:22:19,25,1,1,1,1,1,1,1,1,1,1,1,1,1,1,1,1,1,1,1,1,1,1,1,1,1
264,2024-12-26 13:22:19,2024-12-26 13:22:20,25,1,1,1,1,1,1,1,1,1,1,1,1,1,1,1,1,1,1,1,1,1,1,1,1,1
265,2024-12-26 13:22:20,2024-12-26 13:22:20,25,1,1,1,1,1,1,1,1,1,1,1,1,1,1,1,1,1,1,1,1,1,1,1,1,1
266,2024-12-26 13:22:20,2024-12-26 13:22:20,25,1,1,1,1,1,1,1,1,1,1,1,1,1,1,1,1,1,1,1,1,1,1,1,1,1
267,2024-12-26 13:22:20,2024-12-26 13:22:20,25,1,1,1,1,1,1,1,1,1,1,1,1,1,1,1,1,1,1,1,1,1,1,1,1,1
268,2024-12-26 13:22:20,2024-12-26 13:22:20,25,1,1,1,1,1,1,1,1,1,1,1,1,1,1,1,1,1,1,1,1,1,1,1,1,1
269,2024-12-26 13:22:20,2024-12-26 13:22:21,25,1,1,1,1,1,1,1,1,1,1,1,1,1,1,1,1,1,1,1,1,1,1,1,1,1
270,2024-12-26 13:22:21,2024-12-26 13:22:21,25,1,1,1,1,1,1,1,1,1,1,1,1,1,1,1,1,1,1,1,1,1,1,1,1,1
271,2024-12-26 13:22:21,2024-12-26 13:22:21,25,1,1,1,1,1,1,1,1,1,1,1,1,1,1,1,1,1,1,1,1,1,1,1,1,1
272,2024-12-26 13:22:21,2024-12-26 13:22:21,25,1,1,1,1,1,1,1,1,1,1,1,1,1,1,1,1,1,1,1,1,1,1,1,1,1
273,2024-12-26 13:22:21,2024-12-26 13:22:21,25,1,1,1,1,1,1,1,1,1,1,1,1,1,1,1,1,1,1,1,1,1,1,1,1,1
274,2024-12-26 13:22:21,2024-12-26 13:22:21,25,1,1,1,1,1,1,1,1,1,1,1,1,1,1,1,1,1,1,1,1,1,1,1,1,1
275,2024-12-26 13:22:21,2024-12-26 13:22:22,25,1,1,1,1,1,1,1,1,1,1,1,1,1,1,1,1,1,1,1,1,1,1,1,1,1
276,2024-12-26 13:22:22,2024-12-26 13:22:22,25,1,1,1,1,1,1,1,1,1,1,1,1,1,1,1,1,1,1,1,1,1,1,1,1,1
277,2024-12-26 13:22:22,2024-12-26 13:22:22,25,1,1,1,1,1,1,1,1,1,1,1,1,1,1,1,1,1,1,1,1,1,1,1,1,1
278,2024-12-26 13:22:22,2024-12-26 13:22:22,25,1,1,1,1,1,1,1,1,1,1,1,1,1,1,1,1,1,1,1,1,1,1,1,1,1
279,2024-12-26 13:22:22,2024-12-26 13:22:22,25,1,1,1,1,1,1,1,1,1,1,1,1,1,1,1,1,1,1,1,1,1,1,1,1,1
280,2024-12-26 13:22:22,2024-12-26 13:22:23,25,1,1,1,1,1,1,1,1,1,1,1,1,1,1,1,1,1,1,1,1,1,1,1,1,1
281,2024-12-26 13:22:23,2024-12-26 13:22:23,25,1,1,1,1,1,1,1,1,1,1,1,1,1,1,1,1,1,1,1,1,1,1,1,1,1
282,2024-12-26 13:22:23,2024-12-26 13:22:23,25,1,1,1,1,1,1,1,1,1,1,1,1,1,1,1,1,1,1,1,1,1,1,1,1,1
283,2024-12-26 13:22:23,2024-12-26 13:22:23,25,1,1,1,1,1,1,1,1,1,1,1,1,1,1,1,1,1,1,1,1,1,1,1,1,1
284,2024-12-26 13:22:23,2024-12-26 13:22:23,25,1,1,1,1,1,1,1,1,1,1,1,1,1,1,1,1,1,1,1,1,1,1,1,1,1
285,2024-12-26 13:22:23,2024-12-26 13:22:24,25,1,1,1,1,1,1,1,1,1,1,1,1,1,1,1,1,1,1,1,1,1,1,1,1,1
286,2024-12-26 13:22:24,2024-12-26 13:22:24,25,1,1,1,1,1,1,1,1,1,1,1,1,1,1,1,1,1,1,1,1,1,1,1,1,1
287,2024-12-26 13:22:24,2024-12-26 13:22:24,25,1,1,1,1,1,1,1,1,1,1,1,1,1,1,1,1,1,1,1,1,1,1,1,1,1
288,2024-12-26 13:22:24,2024-12-26 13:22:24,25,1,1,1,1,1,1,1,1,1,1,1,1,1,1,1,1,1,1,1,1,1,1,1,1,1
289,2024-12-26 13:22:24,2024-12-26 13:22:24,25,1,1,1,1,1,1,1,1,1,1,1,1,1,1,1,1,1,1,1,1,1,1,1,1,1
290,2024-12-26 13:22:24,2024-12-26 13:22:25,25,1,1,1,1,1,1,1,1,1,1,1,1,1,1,1,1,1,1,1,1,1,1,1,1,1
291,2024-12-26 13:22:25,2024-12-26 13:22:25,25,1,1,1,1,1,1,1,1,1,1,1,1,1,1,1,1,1,1,1,1,1,1,1,1,1
292,2024-12-26 13:22:25,2024-12-26 13:22:25,25,1,1,1,1,1,1,1,1,1,1,1,1,1,1,1,1,1,1,1,1,1,1,1,1,1
293,2024-12-26 13:22:25,2024-12-26 13:22:25,25,1,1,1,1,1,1,1,1,1,1,1,1,1,1,1,1,1,1,1,1,1,1,1,1,1
294,2024-12-26 13:22:25,2024-12-26 13:22:26,25,1,1,1,1,1,1,1,1,1,1,1,1,1,1,1,1,1,1,1,1,1,1,1,1,1
295,2024-12-26 13:22:26,2024-12-26 13:22:26,25,1,1,1,1,1,1,1,1,1,1,1,1,1,1,1,1,1,1,1,1,1,1,1,1,1
296,2024-12-26 13:22:26,2024-12-26 13:22:26,25,1,1,1,1,1,1,1,1,1,1,1,1,1,1,1,1,1,1,1,1,1,1,1,1,1
297,2024-12-26 13:22:26,2024-12-26 13:22:26,25,1,1,1,1,1,1,1,1,1,1,1,1,1,1,1,1,1,1,1,1,1,1,1,1,1
298,2024-12-26 13:22:26,2024-12-26 13:22:26,25,1,1,1,1,1,1,1,1,1,1,1,1,1,1,1,1,1,1,1,1,1,1,1,1,1
299,2024-12-26 13:22:26,2024-12-26 13:22:26,25,1,1,1,1,1,1,1,1,1,1,1,1,1,1,1,1,1,1,1,1,1,1,1,1,1
300,2024-12-26 13:22:26,2024-12-26 13:22:27,25,1,1,1,1,1,1,1,1,1,1,1,1,1,1,1,1,1,1,1,1,1,1,1,1,1
301,2024-12-26 13:22:27,2024-12-26 13:22:27,25,1,1,1,1,1,1,1,1,1,1,1,1,1,1,1,1,1,1,1,1,1,1,1,1,1
302,2024-12-26 13:22:27,2024-12-26 13:22:27,25,1,1,1,1,1,1,1,1,1,1,1,1,1,1,1,1,1,1,1,1,1,1,1,1,1
303,2024-12-26 13:22:27,2024-12-26 13:22:27,25,1,1,1,1,1,1,1,1,1,1,1,1,1,1,1,1,1,1,1,1,1,1,1,1,1
304,2024-12-26 13:22:27,2024-12-26 13:22:28,25,1,1,1,1,1,1,1,1,1,1,1,1,1,1,1,1,1,1,1,1,1,1,1,1,1
305,2024-12-26 13:22:28,2024-12-26 13:22:28,25,1,1,1,1,1,1,1,1,1,1,1,1,1,1,1,1,1,1,1,1,1,1,1,1,1
306,2024-12-26 13:22:28,2024-12-26 13:22:28,25,1,1,1,1,1,1,1,1,1,1,1,1,1,1,1,1,1,1,1,1,1,1,1,1,1
307,2024-12-26 13:22:28,2024-12-26 13:22:28,25,1,1,1,1,1,1,1,1,1,1,1,1,1,1,1,1,1,1,1,1,1,1,1,1,1
308,2024-12-26 13:22:28,2024-12-26 13:22:28,25,1,1,1,1,1,1,1,1,1,1,1,1,1,1,1,1,1,1,1,1,1,1,1,1,1
309,2024-12-26 13:22:28,2024-12-26 13:22:28,25,1,1,1,1,1,1,1,1,1,1,1,1,1,1,1,1,1,1,1,1,1,1,1,1,1
310,2024-12-26 13:22:28,2024-12-26 13:22:29,25,1,1,1,1,1,1,1,1,1,1,1,1,1,1,1,1,1,1,1,1,1,1,1,1,1
311,2024-12-26 13:22:29,2024-12-26 13:22:29,25,1,1,1,1,1,1,1,1,1,1,1,1,1,1,1,1,1,1,1,1,1,1,1,1,1
312,2024-12-26 13:22:29,2024-12-26 13:22:29,25,1,1,1,1,1,1,1,1,1,1,1,1,1,1,1,1,1,1,1,1,1,1,1,1,1
313,2024-12-26 13:22:29,2024-12-26 13:22:29,25,1,1,1,1,1,1,1,1,1,1,1,1,1,1,1,1,1,1,1,1,1,1,1,1,1
314,2024-12-26 13:22:29,2024-12-26 13:22:29,25,1,1,1,1,1,1,1,1,1,1,1,1,1,1,1,1,1,1,1,1,1,1,1,1,1
315,2024-12-26 13:22:29,2024-12-26 13:22:30,25,1,1,1,1,1,1,1,1,1,1,1,1,1,1,1,1,1,1,1,1,1,1,1,1,1
316,2024-12-26 13:22:30,2024-12-26 13:22:30,25,1,1,1,1,1,1,1,1,1,1,1,1,1,1,1,1,1,1,1,1,1,1,1,1,1
317,2024-12-26 13:22:30,2024-12-26 13:22:30,25,1,1,1,1,1,1,1,1,1,1,1,1,1,1,1,1,1,1,1,1,1,1,1,1,1
318,2024-12-26 13:22:30,2024-12-26 13:22:30,25,1,1,1,1,1,1,1,1,1,1,1,1,1,1,1,1,1,1,1,1,1,1,1,1,1
319,2024-12-26 13:22:30,2024-12-26 13:22:30,25,1,1,1,1,1,1,1,1,1,1,1,1,1,1,1,1,1,1,1,1,1,1,1,1,1
320,2024-12-26 13:22:30,2024-12-26 13:22:31,25,1,1,1,1,1,1,1,1,1,1,1,1,1,1,1,1,1,1,1,1,1,1,1,1,1
321,2024-12-26 13:22:31,2024-12-26 13:22:31,25,1,1,1,1,1,1,1,1,1,1,1,1,1,1,1,1,1,1,1,1,1,1,1,1,1
322,2024-12-26 13:22:31,2024-12-26 13:22:31,25,1,1,1,1,1,1,1,1,1,1,1,1,1,1,1,1,1,1,1,1,1,1,1,1,1
323,2024-12-26 13:22:31,2024-12-26 13:22:32,25,1,1,1,1,1,1,1,1,1,1,1,1,1,1,1,1,1,1,1,1,1,1,1,1,1
324,2024-12-26 13:22:32,2024-12-26 13:22:32,25,1,1,1,1,1,1,1,1,1,1,1,1,1,1,1,1,1,1,1,1,1,1,1,1,1
325,2024-12-26 13:22:32,2024-12-26 13:22:32,25,1,1,1,1,1,1,1,1,1,1,1,1,1,1,1,1,1,1,1,1,1,1,1,1,1
326,2024-12-26 13:22:32,2024-12-26 13:22:32,25,1,1,1,1,1,1,1,1,1,1,1,1,1,1,1,1,1,1,1,1,1,1,1,1,1
